RecordNo,groupID,Year,marg_group,group_proxy,disease_type,pathogen,transmission,risk_group,risk_proxy,country,broad_region,scale,data_source,OR_method,LogOR,LogOR_se,LogOR_v,LogOR_LCI,LogOR_UCI
1,1a,2021,socioeconomic,housing,vector,mixed_mos,mosquito,exposure_risk,vector_proximity,USA,Territories,regional,direct,mean_d_OR,0.9209,0.4554,0.20738916,0.028198654,1.813520961
1,1a,2021,socioeconomic,housing,vector,mixed_mos,mosquito,exposure_risk,vector_proximity,USA,Territories,regional,direct,mean_d_OR,0.4466,0.45,0.2025,-0.435408984,1.32855931
1,1a,2021,socioeconomic,housing,vector,mixed_mos,mosquito,exposure_risk,vector_proximity,USA,Territories,regional,direct,mean_d_OR,-0.2229,0.2265,0.05130225,-0.666894809,0.221061385
1,1b,2021,socioeconomic,housing,vector,mixed_mos,mosquito,exposure_risk,vector_proximity,USA,Territories,regional,direct,mean_d_OR,0.6317,0.2282,0.05207524,0.184569029,1.078953651
1,1b,2021,socioeconomic,housing,vector,mixed_mos,mosquito,exposure_risk,vector_proximity,USA,Territories,regional,direct,mean_d_OR,0.4154,0.4498,0.20232004,-0.466330384,1.296998559
1,1b,2021,socioeconomic,housing,vector,mixed_mos,mosquito,exposure_risk,vector_proximity,USA,Territories,regional,direct,mean_d_OR,0.2436,0.2267,0.05139289,-0.2007707,0.687983874
2,2a,2014,socioeconomic,education,vector,ehrlichia,tick,infection_risk,reported_cases,USA,Midwest,regional,secondary,OR_direct,0.039220713,0.012326168,1.51934e-4,0.009950331,0.058268908
2,2a,2014,socioeconomic,housing,vector,ehrlichia,tick,infection_risk,reported_cases,USA,Midwest,regional,secondary,OR_direct,0.058268908,0.009627635,9.26913e-5,0.039220713,0.076961041
2,2a,2014,socioeconomic,income,vector,ehrlichia,tick,infection_risk,reported_cases,USA,Midwest,regional,secondary,OR_direct,0.029558802,0.01244647,1.54915e-4,0,0.048790164
3,3a,2021,socioeconomic,income,vector,mixed_tick,tick,exposure_risk,behavior,USA,Northeast,regional,survey,OR_direct,0.641853886,0.250211544,0.062605817,0.182321557,1.16315081
4,4a,2015,race,black,zoonotic,cryptosporidium,zoonotic,infection_risk,seroprevalance,USA,National,national,secondary,OR_direct,0.698134722,0.103434977,0.010698794,0.494696242,0.90016135
4,4a,2015,race,immigrants,zoonotic,cryptosporidium,zoonotic,infection_risk,seroprevalance,USA,National,national,secondary,OR_direct,1.60341984,0.142371142,0.020269542,1.324418957,1.882513832
4,4a,2015,race,immigrants,zoonotic,cryptosporidium,zoonotic,infection_risk,seroprevalance,USA,National,national,secondary,OR_direct,1.178654996,0.170168047,0.028957164,0.845868268,1.512927012
4,4a,2015,race,latinx,zoonotic,cryptosporidium,zoonotic,infection_risk,seroprevalance,USA,National,national,secondary,OR_direct,0.985816795,0.084385764,0.007120957,0.819779831,1.150572028
4,4a,2015,race,mixed_race,zoonotic,cryptosporidium,zoonotic,infection_risk,seroprevalance,USA,National,national,secondary,OR_direct,0.887891257,0.28450498,0.080943084,0.329303747,1.444563269
4,4a,2015,socioeconomic,income,zoonotic,cryptosporidium,zoonotic,infection_risk,seroprevalance,USA,National,national,secondary,OR_direct,0.277631737,0.123854035,0.015339822,0.039220713,0.524728529
4,4a,2015,socioeconomic,income,zoonotic,cryptosporidium,zoonotic,infection_risk,seroprevalance,USA,National,national,secondary,OR_direct,0.392042088,0.35278323,0.124456008,-0.301105093,1.08180517
4,4a,2015,socioeconomic,income,zoonotic,cryptosporidium,zoonotic,infection_risk,seroprevalance,USA,National,national,secondary,inverse_OR,0.461845442,0.168825676,0.028502109,0.051643233,0.713439884
5,5a,2017,race,immigrants,vector,zika,mosquito,exposure_risk,behavior,USA,South,regional,survey,freq_OR,-0.1104,0.1705,0.02907025,-0.444569828,0.223943231
5,5a,2017,race,immigrants,vector,zika,mosquito,exposure_risk,behavior,USA,South,regional,survey,freq_OR,0.8755,0.1705,0.02907025,0.54133543,1.209676507
5,5a,2017,race,immigrants,vector,zika,mosquito,exposure_risk,vector_proximity,USA,South,regional,survey,freq_OR,0.7034,0.2342,0.05484964,0.244278624,1.162431801
6,6a,2009,race,immigrants,zoonotic,toxoplasma,zoonotic,infection_risk,seroprevalance,Europe,Non_US,national,secondary,OR_direct,-0.223143551,0.064110824,0.004110198,-0.356674944,-0.105360516
6,6a,2009,race,immigrants,zoonotic,toxoplasma,zoonotic,infection_risk,seroprevalance,Europe,Non_US,national,secondary,OR_direct,0.09531018,0.046510601,0.002163236,0,0.182321557
6,6a,2009,race,immigrants,zoonotic,toxoplasma,zoonotic,infection_risk,seroprevalance,Europe,Non_US,national,secondary,OR_direct,0.09531018,0.046510601,0.002163236,0,0.182321557
6,6a,2009,race,immigrants,zoonotic,toxoplasma,zoonotic,infection_risk,seroprevalance,Europe,Non_US,national,secondary,OR_direct,-0.223143551,0.064110824,0.004110198,-0.356674944,-0.105360516
6,6a,2009,socioeconomic,education,zoonotic,toxoplasma,zoonotic,infection_risk,seroprevalance,Europe,Non_US,national,secondary,OR_direct,-0.223143551,0.030046693,9.02804e-4,-0.223143551,-0.105360516
6,6a,2009,socioeconomic,education,zoonotic,toxoplasma,zoonotic,infection_risk,seroprevalance,Europe,Non_US,national,secondary,OR_direct,0.09531018,0.046510601,0.002163236,0,0.182321557
7,7a,2017,race,black,zoonotic,toxocara,zoonotic,infection_risk,seroprevalance,USA,National,national,secondary,OR_direct,0.262364264,0.137928211,0.019024191,-0.010050336,0.530628251
7,7a,2017,race,immigrants,zoonotic,toxocara,zoonotic,infection_risk,seroprevalance,USA,National,national,secondary,OR_direct,1.223775432,0.17682326,0.031266465,0.875468737,1.568615918
7,7a,2017,race,latinx,zoonotic,toxocara,zoonotic,infection_risk,seroprevalance,USA,National,national,secondary,OR_direct,-0.653926467,0.204428767,0.041791121,-1.049822124,-0.248461359
7,7a,2017,race,mixed_race,zoonotic,toxocara,zoonotic,infection_risk,seroprevalance,USA,National,national,secondary,OR_direct,0,0.187237034,0.035057707,-0.328504067,0.405465108
7,7a,2017,socioeconomic,education,zoonotic,toxocara,zoonotic,infection_risk,seroprevalance,USA,National,national,secondary,freq_OR,1.2236,0.0886,0.00784996,1.049982112,1.397209573
7,7a,2017,socioeconomic,income,zoonotic,toxocara,zoonotic,infection_risk,seroprevalance,USA,National,national,secondary,freq_OR,1.5569,0.164,0.026896,1.235500541,1.878227643
8,8a,2022,socioeconomic,education,vector,mixed_mos,mosquito,exposure_risk,behavior,USA,South,regional,survey,r_d_OR,1.4766,0.3589,0.12880921,0.773159119,2.180089722
8,8a,2022,socioeconomic,education,vector,mixed_mos,mosquito,exposure_risk,behavior,USA,South,regional,survey,r_d_OR,0.5391,0.3179,0.10106041,-0.083925235,1.162056461
8,8a,2022,socioeconomic,income,vector,mixed_mos,mosquito,exposure_risk,behavior,USA,South,regional,survey,r_d_OR,-0.4905,0.2849,0.08116801,-1.048965349,0.06803241
8,8a,2022,socioeconomic,income,vector,mixed_mos,mosquito,exposure_risk,behavior,USA,South,regional,survey,r_d_OR,0.8612,0.2952,0.08714304,0.282543895,1.439835128
8,8a,2022,race,latinx,vector,mixed_mos,mosquito,exposure_risk,knowledge,USA,South,regional,survey,mean_d_OR,1.3721,0.5706,0.32558436,0.253711553,2.490532462
9,9a,2014,race,black,vector,mixed_lice,lice_flea,exposure_risk,vector_proximity,USA,West,local,direct,OR_direct,1.033184483,0.399747977,0.159798445,0.262364264,1.829376333
9,9a,2014,socioeconomic,unhoused,vector,mixed_lice,lice_flea,exposure_risk,vector_proximity,USA,West,local,direct,OR_direct,0.978326123,0.374065579,0.139925057,0.254642218,1.720979287
10,10b,2011,race,black,zoonotic,toxocara,zoonotic,infection_risk,seroprevalance,USA,National,national,secondary,freq_OR,0.6707,0.0785,0.00616225,0.516827576,0.824526259
10,10f,2011,race,black,zoonotic,toxocara,zoonotic,infection_risk,seroprevalance,USA,National,national,secondary,freq_OR,0.7285,0.0804,0.00646416,0.570979547,0.886078916
10,10c,2011,race,latinx,zoonotic,toxocara,zoonotic,infection_risk,seroprevalance,USA,National,national,secondary,freq_OR,0.0811,0.0931,0.00866761,-0.101479169,0.263594277
10,10g,2011,race,latinx,zoonotic,toxocara,zoonotic,infection_risk,seroprevalance,USA,National,national,secondary,freq_OR,0.4105,0.0949,0.00900601,0.224582516,0.596471068
10,10d,2011,race,mixed_race,zoonotic,toxocara,zoonotic,infection_risk,seroprevalance,USA,National,national,secondary,freq_OR,0.6316,0.1245,0.01550025,0.387504783,0.87563539
10,10h,2011,race,mixed_race,zoonotic,toxocara,zoonotic,infection_risk,seroprevalance,USA,National,national,secondary,freq_OR,1.4572,0.1178,0.01387684,1.226184293,1.688119694
10,10a,2011,socioeconomic,income,zoonotic,toxocara,zoonotic,infection_risk,seroprevalance,USA,National,national,secondary,freq_OR,0.8309,0.1041,0.01083681,0.626847109,1.034997785
10,10b,2011,socioeconomic,income,zoonotic,toxocara,zoonotic,infection_risk,seroprevalance,USA,National,national,secondary,freq_OR,0.3532,0.1542,0.02377764,0.05107327,0.655393391
10,10c,2011,socioeconomic,income,zoonotic,toxocara,zoonotic,infection_risk,seroprevalance,USA,National,national,secondary,freq_OR,0.2902,0.1834,0.03363556,-0.069350078,0.649665402
10,10d,2011,socioeconomic,income,zoonotic,toxocara,zoonotic,infection_risk,seroprevalance,USA,National,national,secondary,freq_OR,0.47,0.3293,0.10843849,-0.17542539,1.115436629
10,10e,2011,socioeconomic,income,zoonotic,toxocara,zoonotic,infection_risk,seroprevalance,USA,National,national,secondary,freq_OR,0.88,0.0989,0.00978121,0.686122566,1.07380717
10,10f,2011,socioeconomic,income,zoonotic,toxocara,zoonotic,infection_risk,seroprevalance,USA,National,national,secondary,freq_OR,0.3957,0.1467,0.02152089,0.108046904,0.683298845
10,10g,2011,socioeconomic,income,zoonotic,toxocara,zoonotic,infection_risk,seroprevalance,USA,National,national,secondary,freq_OR,0.5501,0.1771,0.03136441,0.203022473,0.897189459
10,10h,2011,socioeconomic,income,zoonotic,toxocara,zoonotic,infection_risk,seroprevalance,USA,National,national,secondary,freq_OR,-0.0611,0.2727,0.07436529,-0.595657559,0.473435235
11,11a,2016,race,asian,vector,zika,mosquito,disease_risk,health_outcome,USA,National,national,secondary,freq_OR,0.16,0.0509,0.00259081,0.06024808,0.259822576
11,11a,2016,race,black,vector,zika,mosquito,disease_risk,health_outcome,USA,National,national,secondary,freq_OR,0.5528,0.0277,7.6729e-4,0.498469602,0.607044482
11,11a,2016,race,indigenous,vector,zika,mosquito,disease_risk,health_outcome,USA,National,national,secondary,freq_OR,0.4827,0.1371,0.01879641,0.21390097,0.751368918
11,11a,2016,race,latinx,vector,zika,mosquito,disease_risk,health_outcome,USA,National,national,secondary,freq_OR,0.6103,0.0242,5.8564e-4,0.562867638,0.657675431
12,12a,2010,race,latinx,zoonotic,toxoplasma,zoonotic,exposure_risk,knowledge,USA,West,regional,survey,p_d_OR,1.4764,0.5979,0.35748441,0.30446544,2.648385119
13,13a,2000,race,latinx,zoonotic,myco_bovis,zoonotic,infection_risk,reported_cases,USA,West,regional,secondary,p_d_OR,0.5057,0.153626569,0.023601123,0.204572166,0.806788317
14,14a,2023,race,mixed_race,vector,LCV,mosquito,infection_risk,reported_cases,USA,National,regional,secondary,inverse_OR,-0.076989042,0.011756507,1.38215e-4,-0.104361015,-0.058275508
14,14a,2023,socioeconomic,housing,vector,LCV,mosquito,infection_risk,reported_cases,USA,National,regional,secondary,inverse_OR,0.051263294,0.016105842,2.59398e-4,0.020194707,0.083329608
14,14a,2023,socioeconomic,income,vector,LCV,mosquito,infection_risk,reported_cases,USA,National,regional,secondary,inverse_OR,0.030432207,0.013213793,1.74604e-4,0.010049336,0.061847403
15,15a,2012,race,black,vector,WNV,mosquito,infection_risk,reported_cases,USA,National,regional,secondary,r_d_OR,-1.8279,0.0809,0.00654481,-1.986315564,-1.669187917
15,15b,2012,race,black,vector,WNV,mosquito,infection_risk,reported_cases,USA,National,regional,secondary,r_d_OR,-0.3646,0.0532,0.00283024,-0.468884256,-0.260326342
15,15c,2012,race,black,vector,WNV,mosquito,infection_risk,reported_cases,USA,National,regional,secondary,r_d_OR,-0.4384,0.1459,0.02128681,-0.724431471,-0.152335661
15,15d,2012,race,black,vector,WNV,mosquito,infection_risk,reported_cases,USA,National,regional,secondary,r_d_OR,0.3278,0.1917,0.03674889,-0.047930534,0.703443986
15,15e,2012,race,black,vector,WNV,mosquito,infection_risk,reported_cases,USA,National,regional,secondary,r_d_OR,0.7792,0.0733,0.00537289,0.635571032,0.922869047
15,15f,2012,race,black,vector,WNV,mosquito,infection_risk,reported_cases,USA,National,regional,secondary,r_d_OR,0.218,0.1161,0.01347921,-0.009444459,0.445518808
15,15a,2012,race,indigenous,vector,WNV,mosquito,infection_risk,reported_cases,USA,National,regional,secondary,r_d_OR,0.5129,0.0672,0.00451584,0.381240719,0.644639476
15,15b,2012,race,indigenous,vector,WNV,mosquito,infection_risk,reported_cases,USA,National,regional,secondary,r_d_OR,-0.4756,0.0536,0.00287296,-0.580533036,-0.370628993
15,15c,2012,race,indigenous,vector,WNV,mosquito,infection_risk,reported_cases,USA,National,regional,secondary,r_d_OR,0.0363,0.1439,0.02070721,-0.245644817,0.318235525
15,15d,2012,race,indigenous,vector,WNV,mosquito,infection_risk,reported_cases,USA,National,regional,secondary,r_d_OR,-0.3646,0.192,0.036864,-0.741077714,0.011829752
15,15e,2012,race,indigenous,vector,WNV,mosquito,infection_risk,reported_cases,USA,National,regional,secondary,r_d_OR,-0.3278,0.0707,0.00499849,-0.466330384,-0.189225333
15,15f,2012,race,indigenous,vector,WNV,mosquito,infection_risk,reported_cases,USA,National,regional,secondary,r_d_OR,0.0363,0.1157,0.01338649,-0.190434377,0.26297946
15,15a,2012,race,latinx,vector,WNV,mosquito,infection_risk,reported_cases,USA,National,regional,secondary,r_d_OR,-0.4384,0.0668,0.00446224,-0.569337895,-0.30734071
15,15b,2012,race,latinx,vector,WNV,mosquito,infection_risk,reported_cases,USA,National,regional,secondary,r_d_OR,0.1088,0.0527,0.00277729,0.00548493,0.212123048
15,15c,2012,race,latinx,vector,WNV,mosquito,infection_risk,reported_cases,USA,National,regional,secondary,r_d_OR,1.058,0.1556,0.02421136,0.753018578,1.362948966
15,15d,2012,race,latinx,vector,WNV,mosquito,infection_risk,reported_cases,USA,National,regional,secondary,r_d_OR,0.5503,0.1945,0.03783025,0.169151883,0.93145516800000006
15,15e,2012,race,latinx,vector,WNV,mosquito,infection_risk,reported_cases,USA,National,regional,secondary,r_d_OR,-0.7792,0.0733,0.00537289,-0.922811949,-0.635633274
15,15f,2012,race,latinx,vector,WNV,mosquito,infection_risk,reported_cases,USA,National,regional,secondary,r_d_OR,0.5503,0.1183,0.01399489,0.318526456,0.782119134
15,15a,2012,socioeconomic,income,vector,WNV,mosquito,infection_risk,reported_cases,USA,National,regional,secondary,r_d_OR,0.2911,0.0663,0.00439569,0.161183038,0.421075956
15,15b,2012,socioeconomic,income,vector,WNV,mosquito,infection_risk,reported_cases,USA,National,regional,secondary,r_d_OR,-0.5503,0.053900000000000003,0.00290521,-0.655851396,-0.444725822
15,15c,2012,socioeconomic,income,vector,WNV,mosquito,infection_risk,reported_cases,USA,National,regional,secondary,r_d_OR,0.8574,0.1517,0.02301289,0.560129941,1.154645996
15,15d,2012,socioeconomic,income,vector,WNV,mosquito,infection_risk,reported_cases,USA,National,regional,secondary,r_d_OR,0.0363,0.1902,0.03617604,-0.336452237,0.408992214
15,15e,2012,socioeconomic,income,vector,WNV,mosquito,infection_risk,reported_cases,USA,National,regional,secondary,r_d_OR,0.9767,0.075,0.005625,0.829642925,1.123792587
15,15f,2012,socioeconomic,income,vector,WNV,mosquito,infection_risk,reported_cases,USA,National,regional,secondary,r_d_OR,0.3278,0.1166,0.01359556,0.09921165,0.556238663
16,16a,2020,socioeconomic,housing,vector,mixed_mos,mosquito,exposure_risk,vector_proximity,USA,West,local,direct,freq_OR,0.1945,0.3272,0.10705984,-0.446912298,0.835861283
17,17a,2024,race,mixed_race,vector,zika,mosquito,exposure_risk,behavior,USA,Northeast,local,survey,inverse_OR,0.9334,0.4344,0.18870336,0.081948583,1.784869119
17,17a,2024,socioeconomic,education,vector,zika,mosquito,exposure_risk,behavior,USA,Northeast,local,survey,inverse_OR,-0.7907,0.5662,0.32058244,-1.900458886,0.319108062
18,18a,2024,race,immigrants,zoonotic,toxoplasma,zoonotic,infection_risk,seroprevalance,USA,South,regional,direct,chi_d_OR,0.5017,0.1395,0.01946025,0.228330078,0.775095763
18,18a,2024,socioeconomic,education,zoonotic,toxoplasma,zoonotic,infection_risk,seroprevalance,USA,South,regional,direct,chi_d_OR,0.6751,0.1404,0.01971216,0.399916409,0.950266947
18,18a,2024,socioeconomic,income,zoonotic,toxoplasma,zoonotic,infection_risk,seroprevalance,USA,South,regional,direct,chi_d_OR,0.5748,0.1398,0.01954404,0.30069701,0.848868056
18,18a,2024,socioeconomic,income,zoonotic,toxoplasma,zoonotic,infection_risk,seroprevalance,USA,South,regional,direct,chi_d_OR,0.4137,0.1389,0.01929321,0.141412753,0.686021856
19,19a,2018,race,latinx,vector,zika,mosquito,infection_risk,reported_cases,USA,West,local,secondary,p_d_OR,0.8256,0.4212,0.17740944,1.9998e-4,1.651117139
20,20a,2000,race,black,vector,borrelia,tick,disease_risk,diagnosis,USA,South,regional,secondary,p_d_OR,0.3724,0.0958,0.00917764,0.184652172,0.560072826
20,20a,2000,race,black,vector,borrelia,tick,disease_risk,health_outcome,USA,South,regional,secondary,p_d_OR,0.3724,0.0958,0.00917764,0.184652172,0.560072826
21,21a,2018,race,black,zoonotic,toxoplasma,zoonotic,infection_risk,reported_cases,USA,Midwest,regional,secondary,freq_OR,0.0291,0.1704,0.02903616,-1.086486109,-0.418246442
21,21a,2018,race,latinx,zoonotic,toxoplasma,zoonotic,infection_risk,reported_cases,USA,Midwest,regional,secondary,freq_OR,0.7174,0.1443,0.02082249,0.434505977,1.000264166
22,22a,2019,race,immigrants,vector,borrelia,tick,exposure_risk,behavior,USA,South,regional,survey,inverse_OR,2.207273913,0.696437272,0.485024874,0.776522789,3.506556897
22,22a,2019,race,latinx,vector,borrelia,tick,exposure_risk,behavior,USA,South,regional,survey,freq_OR,-0.2237,0.2474,0.06120676,-0.708666992,0.261286761
22,22a,2019,race,latinx,vector,borrelia,tick,exposure_risk,behavior,USA,South,regional,survey,freq_OR,0.8403,0.7002,0.49028004,-0.53204926,2.212572854
22,22a,2019,race,latinx,vector,borrelia,tick,exposure_risk,behavior,USA,South,regional,survey,freq_OR,0.9725,0.2783,0.07745089,0.427096128,1.517914554
22,22a,2019,race,latinx,vector,borrelia,tick,exposure_risk,behavior,USA,South,regional,survey,freq_OR,0.113,0.2378,0.05654884,-0.352967539,0.579082224
22,22a,2019,race,immigrants,vector,borrelia,tick,exposure_risk,knowledge,USA,South,regional,survey,inverse_OR,0.673454547,0.617826662,0.381709784,-0.524755529,1.897124985
22,22a,2019,race,immigrants,vector,borrelia,tick,exposure_risk,knowledge,USA,South,regional,survey,inverse_OR,1.46966997,0.594578309,0.353523365,0.328512067,2.659259037
22,22a,2019,race,latinx,vector,borrelia,tick,exposure_risk,knowledge,USA,South,regional,survey,freq_OR,2.1165,0.2805,0.07868025,1.566780902,2.666269414
22,22a,2019,race,latinx,vector,borrelia,tick,exposure_risk,knowledge,USA,South,regional,survey,freq_OR,1.4494,0.2571,0.06610041,0.945499958,1.953297084
22,22a,2019,race,latinx,vector,borrelia,tick,exposure_risk,vector_proximity,USA,South,regional,survey,freq_OR,-1.0559,0.2473,0.06115729,-1.540378377,-0.571106555
22,22a,2019,race,latinx,vector,borrelia,tick,exposure_risk,vector_proximity,USA,South,regional,survey,freq_OR,0.4503,0.3197,0.10220809,-0.176379247,1.076911862
22,22a,2019,race,latinx,vector,borrelia,tick,exposure_risk,vector_proximity,USA,South,regional,survey,freq_OR,0.1037,0.3556,0.12645136,-0.593120866,0.800655388
22,22a,2019,race,latinx,vector,borrelia,tick,exposure_risk,vector_proximity,USA,South,regional,survey,freq_OR,-0.2308,0.3807,0.14493249,-0.97683723200000006,0.515335439
23,23a,2021,socioeconomic,income,vector,WNV,mosquito,infection_risk,reported_cases,USA,National,national,secondary,r_d_OR,0.2911,0.0651,0.00423801,0.163478469,0.418710335
24,24a,2023,race,black,vector,borrelia,tick,disease_risk,diagnosis,USA,Northeast,regional,direct,OR_direct,1.07874966,0.441395544,0.194830026,0.235862324,1.966132856
24,24a,2023,race,black,vector,borrelia,tick,disease_risk,health_outcome,USA,Northeast,regional,direct,OR_direct,1.302912752,0.279057754,0.07787323,0.75612198,1.850028377
26,26a,2012,race,asian,zoonotic,toxoplasma,zoonotic,disease_risk,hospitalizations,USA,National,national,secondary,freq_OR,1.1237,0.1823,0.03323329,0.766490575,1.480899747
26,26b,2012,race,asian,zoonotic,toxoplasma,zoonotic,disease_risk,hospitalizations,USA,National,national,secondary,freq_OR,1.7046,0.1583,0.02505889,1.394411329,2.014849686
26,26a,2012,race,black,zoonotic,toxoplasma,zoonotic,disease_risk,hospitalizations,USA,National,national,secondary,freq_OR,0.2769,0.1385,0.01918225,0.00548493,0.548410384
26,26b,2012,race,black,zoonotic,toxoplasma,zoonotic,disease_risk,hospitalizations,USA,National,national,secondary,freq_OR,0.6718,0.0581,0.00337561,0.55795727,0.785680782
26,26b,2012,race,indigenous,zoonotic,toxoplasma,zoonotic,disease_risk,hospitalizations,USA,National,national,secondary,freq_OR,0.6788,0.3222,0.10381284,0.047265192,1.310222924
26,26a,2012,race,latinx,zoonotic,toxoplasma,zoonotic,disease_risk,hospitalizations,USA,National,national,secondary,freq_OR,0.6862,0.1226,0.01503076,0.445839002,0.926557844
26,26b,2012,race,latinx,zoonotic,toxoplasma,zoonotic,disease_risk,hospitalizations,USA,National,national,secondary,freq_OR,1.5136,0.0615,0.00378225,1.393096176,1.634052473
26,26a,2012,race,mixed_race,zoonotic,toxoplasma,zoonotic,disease_risk,hospitalizations,USA,National,national,secondary,freq_OR,0.6759,0.1988,0.03952144,0.28623102,1.065503526
26,26b,2012,race,mixed_race,zoonotic,toxoplasma,zoonotic,disease_risk,hospitalizations,USA,National,national,secondary,freq_OR,1.5729,0.0939,0.00881721,1.38896579,1.756909192
27,27b,2023,race,asian,zoonotic,toxocara,zoonotic,infection_risk,seroprevalance,USA,National,national,secondary,freq_OR,1.7914,0.2319,0.053777610000000003,1.336972806,2.245866582
27,27b,2023,race,black,zoonotic,toxocara,zoonotic,infection_risk,seroprevalance,USA,National,national,secondary,freq_OR,1.0903,0.2029,0.04116841,0.692597029,1.488128667
27,27b,2023,race,immigrants,zoonotic,toxocara,zoonotic,infection_risk,seroprevalance,USA,National,national,secondary,freq_OR,1.4698,0.1595,0.02544025,1.157132737,1.782483244
27,27b,2023,race,latinx,zoonotic,toxocara,zoonotic,infection_risk,seroprevalance,USA,National,national,secondary,freq_OR,1.01,0.213,0.045369,0.592608355,1.427436304
27,27b,2023,socioeconomic,education,zoonotic,toxocara,zoonotic,infection_risk,seroprevalance,USA,National,national,secondary,freq_OR,1.0004,0.1923,0.03697929,0.623529114,1.377329295
27,27b,2023,socioeconomic,income,zoonotic,toxocara,zoonotic,infection_risk,seroprevalance,USA,National,national,secondary,freq_OR,0.9568,0.1928,0.03717184,0.578858034,1.334764197
27,27a,2023,race,immigrants,zoonotic,toxocara,zoonotic,disease_risk,health_outcome,USA,National,national,secondary,beta_d_OR,0.1934,0.0823,0.00677329,0.032079893,0.354592778
27,27a,2023,socioeconomic,education,zoonotic,toxocara,zoonotic,disease_risk,health_outcome,USA,National,national,secondary,beta_d_OR,0.2241,0.08,0.0064,0.067284747,0.380899154
27,27a,2023,socioeconomic,income,zoonotic,toxocara,zoonotic,disease_risk,health_outcome,USA,National,national,secondary,beta_d_OR,0.3892,0.1025,0.01050625,0.188220789,0.590172705
27,27b,2023,race,asian,zoonotic,toxoplasma,zoonotic,infection_risk,seroprevalance,USA,National,national,secondary,freq_OR,-0.799,0.2441,0.05958481,-1.2772606,-0.320618573
27,27b,2023,race,black,zoonotic,toxoplasma,zoonotic,infection_risk,seroprevalance,USA,National,national,secondary,freq_OR,0.2854,0.1201,0.01442401,0.050027494,0.520696744
27,27b,2023,race,immigrants,zoonotic,toxoplasma,zoonotic,infection_risk,seroprevalance,USA,National,national,secondary,freq_OR,0.5677,0.1041,0.01083681,0.363739928,0.771634834
27,27b,2023,race,latinx,zoonotic,toxoplasma,zoonotic,infection_risk,seroprevalance,USA,National,national,secondary,freq_OR,0.5723,0.12,0.0144,0.337114887,0.807502125
27,27b,2023,race,mixed_race,zoonotic,toxoplasma,zoonotic,infection_risk,seroprevalance,USA,National,national,secondary,freq_OR,0.1065,0.4166,0.17355556,-0.710089901,0.923067716
27,27b,2023,socioeconomic,education,zoonotic,toxoplasma,zoonotic,infection_risk,seroprevalance,USA,National,national,secondary,freq_OR,0.4908,0.1125,0.01265625,0.270408744,0.711232648
27,27b,2023,socioeconomic,income,zoonotic,toxoplasma,zoonotic,infection_risk,seroprevalance,USA,National,national,secondary,freq_OR,0.4786,0.1246,0.01552516,0.234439511,0.722705983
28,28a,2013,socioeconomic,housing,vector,mixed_mos,mosquito,exposure_risk,vector_proximity,USA,South,regional,direct,z_d_OR,0.6062,0.1325,0.01755625,0.346564,0.865755045
28,28a,2013,socioeconomic,housing,vector,mixed_mos,mosquito,exposure_risk,vector_proximity,USA,South,regional,direct,z_d_OR,0.822,0.1354,0.01833316,0.556697247,1.087315385
28,28a,2013,socioeconomic,housing,vector,mixed_mos,mosquito,exposure_risk,vector_proximity,USA,South,regional,direct,z_d_OR,0.0245,0.1289,0.01661521,-0.228156093,0.277177088
28,28a,2013,socioeconomic,housing,vector,mixed_mos,mosquito,exposure_risk,vector_proximity,USA,South,regional,direct,z_d_OR,0.7284,0.134,0.017956,0.465807337,0.991064197
28,28a,2013,socioeconomic,housing,vector,mixed_mos,mosquito,exposure_risk,vector_proximity,USA,South,regional,direct,z_d_OR,0.8407,0.1356,0.01838736,0.574813994,1.106547389
29,29a,2018,socioeconomic,income,vector,zika,mosquito,infection_risk,seroprevalance,USA,Northeast,regional,direct,freq_OR,0.804,0.1082,0.01170724,0.591944675,1.016136067
29,29a,2018,socioeconomic,income,vector,zika,mosquito,infection_risk,seroprevalance,USA,Northeast,regional,direct,freq_OR,-0.0359,0.0439,0.00192721,-0.122054646,0.050122609
30,30a,2009,socioeconomic,income,vector,WNV,mosquito,infection_risk,reported_cases,USA,Midwest,regional,secondary,r_d_OR,3.0296,0.401,0.160801,2.243652164,3.815525321
31,31a,2018,race,black,vector,zika,mosquito,exposure_risk,behavior,USA,National,national,survey,r_d_OR,-0.218,0.0631,0.00398161,-0.341786331,-0.094200795
31,31a,2018,race,latinx,vector,zika,mosquito,exposure_risk,behavior,USA,National,national,survey,r_d_OR,-0.0726,0.0629,0.00395641,-0.195893237,0.050788167
31,31a,2018,socioeconomic,education,vector,zika,mosquito,exposure_risk,behavior,USA,National,national,survey,r_d_OR,0.6639,0.065,0.004225,0.536493371,0.791226251
31,31a,2018,socioeconomic,income,vector,zika,mosquito,exposure_risk,behavior,USA,National,national,survey,r_d_OR,0.4384,0.0638,0.00407044,0.313276717,0.563493972
31,31a,2018,race,black,vector,zika,mosquito,exposure_risk,knowledge,USA,National,national,survey,r_d_OR,-0.588,0.0646,0.00417316,-0.714575128,-0.461559382
31,31a,2018,race,latinx,vector,zika,mosquito,exposure_risk,knowledge,USA,National,national,survey,r_d_OR,-0.588,0.0646,0.00417316,-0.714575128,-0.461559382
31,31a,2018,socioeconomic,education,vector,zika,mosquito,exposure_risk,knowledge,USA,National,national,survey,r_d_OR,0.7021,0.0652,0.00425104,0.574251026,0.829991828
31,31a,2018,socioeconomic,income,vector,zika,mosquito,exposure_risk,knowledge,USA,National,national,survey,r_d_OR,0.1088,0.063,0.003969,-0.014606152,0.232222215
32,32a,2016,socioeconomic,housing,vector,WNV,mosquito,exposure_risk,vector_proximity,USA,South,regional,direct,r_d_OR,3.3644,0.3928,0.15429184,2.594515628,4.134314994
32,32a,2016,socioeconomic,income,vector,WNV,mosquito,exposure_risk,vector_proximity,USA,South,regional,direct,r_d_OR,2.1508,0.3108,0.09659664,1.541630053,2.759971965
33,33a,2022,race,asian,vector,borrelia,tick,infection_risk,seroprevalance,USA,South,regional,secondary,freq_OR,-0.4202,1.4237,2.02692169,-3.21140381,2.370103545
33,33a,2022,race,black,vector,borrelia,tick,infection_risk,seroprevalance,USA,South,regional,secondary,freq_OR,-0.0483,0.3781,0.14295961,-0.789437841,0.692797119
33,33a,2022,race,indigenous,vector,borrelia,tick,infection_risk,seroprevalance,USA,South,regional,secondary,freq_OR,0.2979,1.4273,2.03718529,-2.499817263,3.095301552
33,33a,2022,race,latinx,vector,borrelia,tick,infection_risk,seroprevalance,USA,South,regional,secondary,freq_OR,-0.1965,0.5937,0.35247969,-1.359847191,0.967135926
33,33a,2022,race,mixed_race,vector,borrelia,tick,infection_risk,seroprevalance,USA,South,regional,secondary,freq_OR,-0.3767,0.5934,0.35212356,-1.53991185,0.786273159
33,33c,2022,race,asian,vector,ehrlichia,tick,infection_risk,seroprevalance,USA,South,regional,secondary,freq_OR,0.4717,1.4424,2.08051776,-2.354931573,3.298714204
33,33c,2022,race,black,vector,ehrlichia,tick,infection_risk,seroprevalance,USA,South,regional,secondary,freq_OR,-1.7119,1.4298,2.04432804,-4.509860006,1.090479305
33,33c,2022,race,indigenous,vector,ehrlichia,tick,infection_risk,seroprevalance,USA,South,regional,secondary,freq_OR,0.9962,1.4521,2.10859441,-1.850236399,3.842299867
33,33c,2022,race,latinx,vector,ehrlichia,tick,infection_risk,seroprevalance,USA,South,regional,secondary,freq_OR,-0.5514,1.0236,1.04775696,-2.557477343,1.454700394
33,33c,2022,race,mixed_race,vector,ehrlichia,tick,infection_risk,seroprevalance,USA,South,regional,secondary,freq_OR,-0.6921,1.0231,1.04673361,-2.697110261,1.313105198
33,33b,2022,race,asian,vector,rickettsia,tick,infection_risk,seroprevalance,USA,South,regional,secondary,freq_OR,0.5739,1.4376,2.06669376,-2.243373233,3.391500519
33,33b,2022,race,black,vector,rickettsia,tick,infection_risk,seroprevalance,USA,South,regional,secondary,freq_OR,-0.2062,0.7404,0.54819216,-1.657578288,1.24498998
33,33b,2022,race,latinx,vector,rickettsia,tick,infection_risk,seroprevalance,USA,South,regional,secondary,freq_OR,-1.0994,1.4314,2.04890596,-3.907035464,1.70602001
33,33b,2022,race,mixed_race,vector,rickettsia,tick,infection_risk,seroprevalance,USA,South,regional,secondary,freq_OR,-1.2343,1.4312,2.04833344,-4.0398563770000004,1.570842604
34,34a,2017,race,black,zoonotic,toxoplasma,zoonotic,infection_risk,seroprevalance,USA,South,local,direct,freq_OR,-0.7531,0.5372,0.28858384,-1.806061254,0.299734153
34,34a,2017,socioeconomic,education,zoonotic,toxoplasma,zoonotic,infection_risk,seroprevalance,USA,South,local,direct,freq_OR,0.1248,0.4657,0.21687649,-0.787897517,1.037552155
34,34a,2017,socioeconomic,income,zoonotic,toxoplasma,zoonotic,infection_risk,seroprevalance,USA,South,local,direct,freq_OR,0.6821,0.374,0.139876,-0.05087233,1.415076163
34,34a,2017,socioeconomic,income,zoonotic,toxoplasma,zoonotic,infection_risk,seroprevalance,USA,South,local,direct,freq_OR,0.735,0.4562,0.20811844,-0.159112972,1.629064054
35,35a,2016,socioeconomic,income,vector,anaplasma,tick,exposure_risk,vector_proximity,USA,National,national,secondary,OR_direct,0.019802627,0.001825828,3.33365e-6,0.016168581,0.023325825
36,36a,2018,socioeconomic,income,vector,zika,mosquito,disease_risk,diagnosis,USA,South,regional,secondary,freq_OR,0.4794,0.0764,0.00583696,0.329663395,0.629088544
37,37a,2023,race,asian,vector,zika,mosquito,disease_risk,health_outcome,USA,Northeast,regional,secondary,freq_OR,-0.5121,0.307,0.094249,-1.113827454,0.089475006
37,37a,2023,race,black,vector,zika,mosquito,disease_risk,health_outcome,USA,Northeast,regional,secondary,freq_OR,0.5491,0.2159,0.04661281,0.126015721,0.972217276
37,37a,2023,race,latinx,vector,zika,mosquito,disease_risk,health_outcome,USA,Northeast,regional,secondary,freq_OR,0.3818,0.2032,0.04129024,-0.016434306,0.780150224
37,37a,2023,socioeconomic,education,vector,zika,mosquito,disease_risk,health_outcome,USA,Northeast,regional,secondary,freq_OR,0.2777,0.1618,0.02617924,-0.039364724,0.594762279
38,38a,2007,race,black,vector,WNV,mosquito,infection_risk,seroprevalance,USA,South,local,direct,OR_direct,0.182321557,0.439481275,0.193143791,-0.693147181,1.029619417
38,38a,2007,race,latinx,vector,WNV,mosquito,infection_risk,seroprevalance,USA,South,local,direct,OR_direct,0.641853886,0.770516553,0.593695758,-0.916290732,2.104134154
38,38a,2007,socioeconomic,unhoused,vector,WNV,mosquito,infection_risk,seroprevalance,USA,South,local,direct,OR_direct,0.916290732,0.457081497,0.208923495,0,1.791759469
38,38a,2007,socioeconomic,unhoused,vector,WNV,mosquito,infection_risk,seroprevalance,USA,South,local,direct,OR_direct,1.131402111,0.527554297,0.278313537,0.09531018,2.163323026
38,38a,2007,socioeconomic,unhoused,vector,WNV,mosquito,infection_risk,seroprevalance,USA,South,local,direct,OR_direct,1.16315081,0.453789812,0.205925194,0.262364264,2.041220329
39,39a,2019,race,black,vector,borrelia,tick,infection_risk,reported_cases,USA,Northeast,regional,secondary,inverse_OR,-0.722781986,0.087730774,0.007696689,-0.892086043,-0.54818141
39,39a,2019,socioeconomic,income,vector,borrelia,tick,infection_risk,reported_cases,USA,Northeast,regional,secondary,OR_direct,-0.693147181,0.086700976,0.007517059,-0.867500568,-0.527632742
39,39b,2019,race,black,vector,borrelia,tick,disease_risk,health_outcome,USA,Northeast,regional,secondary,freq_OR,0.4161,0.229,0.052441,-0.032729825,0.864955331
39,39b,2019,race,latinx,vector,borrelia,tick,disease_risk,health_outcome,USA,Northeast,regional,secondary,freq_OR,-0.3824,0.3316,0.10995856,-1.032262908,0.267504875
39,39b,2019,socioeconomic,income,vector,borrelia,tick,disease_risk,health_outcome,USA,Northeast,regional,secondary,freq_OR,0.1133,0.0904,0.00817216,-0.063898726,0.290577876
40,40a,2013,race,black,vector,WNV,mosquito,disease_risk,health_outcome,USA,South,regional,secondary,freq_OR,0.8645,0.2,0.04,0.472562852,1.256498839
40,40b,2013,race,black,vector,WNV,mosquito,disease_risk,health_outcome,USA,South,regional,secondary,freq_OR,-1.6368,1.0139,1.02799321,-3.623091714,0.350375142
40,40a,2013,race,latinx,vector,WNV,mosquito,disease_risk,health_outcome,USA,South,regional,secondary,freq_OR,0.6388,0.127,0.016129,0.389945296,0.887644313
40,40b,2013,race,latinx,vector,WNV,mosquito,disease_risk,health_outcome,USA,South,regional,secondary,freq_OR,0.5175,0.2611,0.06817321,0.005783245,1.029226483
41,41a,2021,socioeconomic,housing,zoonotic,mixed_rodent,zoonotic,exposure_risk,vector_proximity,USA,Midwest,local,survey,r_d_OR,2.8666,0.1,0.01,2.670590603,3.062540093
41,41a,2021,socioeconomic,housing,zoonotic,mixed_rodent,zoonotic,exposure_risk,vector_proximity,USA,Midwest,local,survey,r_d_OR,1.2253,0.0739,0.00546121,1.080448318,1.370088757
41,41a,2021,socioeconomic,income,zoonotic,mixed_rodent,zoonotic,exposure_risk,vector_proximity,USA,Midwest,local,survey,r_d_OR,0.218,0.0669,0.00447561,0.086911372,0.349176904
41,41a,2021,socioeconomic,income,zoonotic,mixed_rodent,zoonotic,exposure_risk,vector_proximity,USA,Midwest,local,survey,r_d_OR,0.1089,0.0667,0.00444889,-0.021938908,0.239646623
42,42a,2020,socioeconomic,income,zoonotic,leptospira,zoonotic,exposure_risk,vector_proximity,USA,Midwest,local,direct,inverse_OR,1.139434283,0.869295395,0.755674484,-0.594207233,2.813430717
42,42b,2020,socioeconomic,income,zoonotic,e_coli,zoonotic,exposure_risk,vector_proximity,USA,Midwest,local,direct,inverse_OR,0.653886467,0.375750553,0.141188478,-0.086647807,1.386294361
43,43a,2023,race,immigrants,zoonotic,toxoplasma,zoonotic,infection_risk,seroprevalance,USA,South,regional,direct,chi_d_OR,1.042,0.1388,0.019265440000000002,0.770061924,1.313992449
43,43a,2023,socioeconomic,education,zoonotic,toxoplasma,zoonotic,infection_risk,seroprevalance,USA,South,regional,direct,chi_d_OR,0.6512,0.1355,0.01836025,0.385602479,0.916730635
43,43a,2023,socioeconomic,income,zoonotic,toxoplasma,zoonotic,infection_risk,seroprevalance,USA,South,regional,direct,chi_d_OR,0.5547,0.1349,0.01819801,0.29020389,0.819162901
43,43a,2023,socioeconomic,income,zoonotic,toxoplasma,zoonotic,infection_risk,seroprevalance,USA,South,regional,direct,chi_d_OR,0.3994,0.1342,0.01800964,0.136364875,0.662481766
44,44a,2016,race,latinx,vector,borrelia,tick,disease_risk,diagnosis,USA,National,national,secondary,freq_OR,0.5437,0.0399,0.00159201,0.465367901,0.621919671
44,44a,2016,race,latinx,vector,borrelia,tick,disease_risk,health_outcome,USA,National,national,secondary,freq_OR,0.1541,0.0421,0.00177241,0.071669287,0.236494036
44,44a,2016,race,latinx,vector,borrelia,tick,disease_risk,health_outcome,USA,National,national,secondary,freq_OR,0.623,0.056,0.003136,0.5132427,0.732800492
45,45a,2024,race,asian,vector,borrelia,tick,infection_risk,reported_cases,USA,Midwest,regional,secondary,freq_OR,-2.5595,0.4476,0.20034576,-3.435788826,-1.682008605
45,45a,2024,race,black,vector,borrelia,tick,infection_risk,reported_cases,USA,Midwest,regional,secondary,freq_OR,-2.0085,0.1555,0.02418025,-2.31364604,-1.703748592
45,45a,2024,race,latinx,vector,borrelia,tick,infection_risk,reported_cases,USA,Midwest,regional,secondary,freq_OR,-3.6103,0.4087,0.16703569,-4.414549826,-2.810082927
45,45a,2024,race,mixed_race,vector,borrelia,tick,infection_risk,reported_cases,USA,Midwest,regional,secondary,freq_OR,-0.3094,0.1362,0.01855044,-0.576253429,-0.042490052
45,45b,2024,race,black,vector,rickettsia,tick,infection_risk,reported_cases,USA,Midwest,regional,secondary,freq_OR,-0.7869,0.2186,0.04778596,-1.215370849,-0.358390701
45,45b,2024,race,latinx,vector,rickettsia,tick,infection_risk,reported_cases,USA,Midwest,regional,secondary,freq_OR,-3.5338,1.0012,1.00240144,-5.496768305,-1.571660548
45,45b,2024,race,mixed_race,vector,rickettsia,tick,infection_risk,reported_cases,USA,Midwest,regional,secondary,freq_OR,-0.3693,0.3568,0.12730624,-1.068568167,0.330094801
46,46a,2012,race,black,vector,yersenia,lice_flea,disease_risk,hospitalizations,USA,National,national,secondary,freq_OR,0.4414,0.1114,0.01240996,0.223143551,0.659642102
47,47a,2021,socioeconomic,income,vector,borrelia,tick,infection_risk,reported_cases,USA,National,national,secondary,F_d_OR,-0.2761,0.0648,0.00419904,-0.403018104,-0.149196306
48,48a,2013,race,black,zoonotic,rabies,zoonotic,exposure_risk,knowledge,USA,South,regional,survey,mean_d_OR,1.461,0.3189,0.10169721,0.836034668,2.085982602
48,48a,2013,race,latinx,zoonotic,rabies,zoonotic,exposure_risk,knowledge,USA,South,regional,survey,mean_d_OR,2.0737,0.3515,0.12355225,1.384768197,2.762670953
49,49a,2014,race,black,zoonotic,toxoplasma,zoonotic,infection_risk,seroprevalance,USA,National,national,direct,freq_OR,0.1959,0.0911,0.00829921,0.017250353,0.374455921
49,49a,2014,race,immigrants,zoonotic,toxoplasma,zoonotic,infection_risk,seroprevalance,USA,National,national,direct,freq_OR,0.5907,0.0858,0.00736164,0.422518863,0.758934921
49,49a,2014,race,latinx,zoonotic,toxoplasma,zoonotic,infection_risk,seroprevalance,USA,National,national,direct,freq_OR,0.096,0.0955,0.00912025,-0.09123848,0.283222142
49,49a,2014,socioeconomic,education,zoonotic,toxoplasma,zoonotic,infection_risk,seroprevalance,USA,National,national,direct,freq_OR,0.7358,0.0923,0.00851929,0.554976472,0.916610681
50,50a,2009,socioeconomic,income,zoonotic,e_coli,zoonotic,infection_risk,reported_cases,Canada,Non_US,regional,secondary,chi_d_OR,0.2387,0.1489,0.02217121,-0.053189829,0.530569426
51,51a,2019,race,asian,zoonotic,listeria,zoonotic,disease_risk,health_outcome,USA,National,national,secondary,freq_OR,0.1305,0.3386,0.11464996,-0.533071233,0.794168295
51,51a,2019,race,black,zoonotic,listeria,zoonotic,disease_risk,health_outcome,USA,National,national,secondary,freq_OR,-0.3237,0.2887,0.08334769,-0.889648801,0.242083061
51,51a,2019,race,latinx,zoonotic,listeria,zoonotic,disease_risk,health_outcome,USA,National,national,secondary,freq_OR,-0.2188,0.3429,0.11758041,-0.891110433,0.453302438
52,52a,2022,race,asian,zoonotic,mixed_zoo,zoonotic,exposure_risk,knowledge,USA,Northeast,regional,survey,inverse_OR,0.356694944,0.437956743,0.191806108,-0.512827626,1.203962804
52,52a,2022,race,asian,zoonotic,mixed_zoo,zoonotic,exposure_risk,knowledge,USA,Northeast,regional,survey,inverse_OR,0.116537816,0.444135261,0.19725613,-0.74675895,0.994251273
52,52a,2022,race,black,zoonotic,mixed_zoo,zoonotic,exposure_risk,knowledge,USA,Northeast,regional,survey,inverse_OR,-0.277599737,0.379471813,0.143998857,-0.871317366,0.616212139
52,52a,2022,race,black,zoonotic,mixed_zoo,zoonotic,exposure_risk,knowledge,USA,Northeast,regional,survey,inverse_OR,-0.231049723,0.385149801,0.148340369,-0.982163476,0.527623742
52,52a,2022,race,latinx,zoonotic,mixed_zoo,zoonotic,exposure_risk,knowledge,USA,Northeast,regional,survey,inverse_OR,0.274596833,0.393987594,0.155226224,-0.494624244,1.049807124
52,52a,2022,race,latinx,zoonotic,mixed_zoo,zoonotic,exposure_risk,knowledge,USA,Northeast,regional,survey,inverse_OR,-0.009949331,0.391428689,0.153216419,-0.779358877,0.755041584
52,52a,2022,socioeconomic,education,zoonotic,mixed_zoo,zoonotic,exposure_risk,knowledge,USA,Northeast,regional,survey,OR_direct,1.190887565,0.228841676,0.052368513,0.741937345,1.638996715
52,52a,2022,socioeconomic,education,zoonotic,mixed_zoo,zoonotic,exposure_risk,knowledge,USA,Northeast,regional,survey,OR_direct,0.875468737,0.218935442,0.047932728,0.444685821,1.302912752
52,52a,2022,socioeconomic,income,zoonotic,mixed_zoo,zoonotic,exposure_risk,knowledge,USA,Northeast,regional,survey,OR_direct,-0.94160854,0.389915523,0.152034115,-1.714798428,-0.186329578
52,52a,2022,socioeconomic,income,zoonotic,mixed_zoo,zoonotic,exposure_risk,knowledge,USA,Northeast,regional,survey,OR_direct,-0.776528789,0.392970674,0.15442595,-1.560647748,-0.020202707
53,53a,2012,socioeconomic,education,zoonotic,leptospira,zoonotic,infection_risk,seroprevalance,USA,National,national,secondary,OR_direct,0.39877612,0.178035149,0.031696514,0.048790164,0.746687947
53,53a,2012,socioeconomic,housing,zoonotic,leptospira,zoonotic,infection_risk,seroprevalance,USA,National,national,secondary,OR_direct,0.797507196,0.201137082,0.040456126,0.405465108,1.193922468
53,53a,2012,socioeconomic,housing,zoonotic,leptospira,zoonotic,infection_risk,seroprevalance,USA,National,national,secondary,OR_direct,1.029619417,0.220515026,0.048626877,0.598836501,1.463255402
53,53a,2012,socioeconomic,income,zoonotic,leptospira,zoonotic,infection_risk,seroprevalance,USA,National,national,secondary,OR_direct,0.122217633,0.08774564,0.007699297,-0.051293294,0.292669614
53,53a,2012,socioeconomic,income,zoonotic,leptospira,zoonotic,infection_risk,seroprevalance,USA,National,national,secondary,OR_direct,0.712949808,0.080971493,0.006556383,0.553885113,0.871293366
54,54a,2014,socioeconomic,housing,vector,ehrlichia,tick,infection_risk,reported_cases,USA,Midwest,regional,secondary,OR_direct,0.476234179,0.20028461,0.040113925,0.086177696,0.871293366
54,54a,2014,socioeconomic,income,vector,ehrlichia,tick,infection_risk,reported_cases,USA,Midwest,regional,secondary,OR_direct,0.896088025,0.100044866,0.010008975,0.703097511,1.095273387
55,55a,2004,race,asian,vector,yersenia,lice_flea,infection_risk,reported_cases,USA,National,national,secondary,freq_OR,1.4326,0.1593,0.02537649,1.12043901,1.744772678
55,55a,2004,race,black,vector,yersenia,lice_flea,infection_risk,reported_cases,USA,National,national,secondary,freq_OR,2.177,0.1061,0.01125721,1.968970769,2.385003438
55,55a,2004,race,latinx,vector,yersenia,lice_flea,infection_risk,reported_cases,USA,National,national,secondary,freq_OR,0.4619,0.2319,0.053777610000000003,0.007472015,0.916330731
56,56a,2023,race,mixed_race,vector,borrelia,tick,disease_risk,diagnosis,USA,Northeast,regional,direct,freq_OR,1.5163,0.6891,0.47485881,0.165768643,2.866943901
57,57a,2017,socioeconomic,income,vector,mixed_mos,mosquito,exposure_risk,behavior,USA,South,regional,survey,chi_d_OR,0.528,0.1799,0.03236401,0.175380859,0.880663554
57,57a,2017,socioeconomic,income,vector,mixed_mos,mosquito,exposure_risk,behavior,USA,South,regional,survey,chi_d_OR,0.5229,0.1799,0.03236401,0.170248976,0.875552067
58,58a,2024,socioeconomic,housing,zoonotic,leptospira,zoonotic,exposure_risk,vector_proximity,Canada,Non_US,local,direct,freq_OR,1.2636,0.4752,0.22581504,0.332249046,2.194910791
58,58a,2024,socioeconomic,housing,zoonotic,leptospira,zoonotic,exposure_risk,vector_proximity,Canada,Non_US,local,direct,freq_OR,0.4614,0.4144,0.17172736,-0.350834887,1.273545508
58,58a,2024,socioeconomic,housing,zoonotic,leptospira,zoonotic,exposure_risk,vector_proximity,Canada,Non_US,local,direct,freq_OR,0.7685,0.5899,0.34798201,-0.387576075,1.924598956
58,58a,2024,socioeconomic,income,zoonotic,leptospira,zoonotic,exposure_risk,vector_proximity,Canada,Non_US,local,direct,freq_OR,0.3001,0.3872,0.14992384,-0.458865885,1.058935472
58,58a,2024,socioeconomic,housing,vector,bartonella,lice_flea,exposure_risk,vector_proximity,Canada,Non_US,local,direct,freq_OR,-0.8797,0.7603,0.57805609,-2.369793843,0.610417533
58,58a,2024,socioeconomic,housing,vector,bartonella,lice_flea,exposure_risk,vector_proximity,Canada,Non_US,local,direct,freq_OR,0.3099,0.3981,0.15848361,-0.470483744,1.090143194
58,58a,2024,socioeconomic,housing,vector,bartonella,lice_flea,exposure_risk,vector_proximity,Canada,Non_US,local,direct,freq_OR,0.762,0.5312,0.28217344,-0.279052746,1.803062021
58,58a,2024,socioeconomic,income,vector,bartonella,lice_flea,exposure_risk,vector_proximity,Canada,Non_US,local,direct,freq_OR,0.827,0.1137,0.1325,0.12988816,1.5408
59,59a,2021,socioeconomic,income,vector,WNV,mosquito,exposure_risk,vector_proximity,USA,South,local,direct,freq_OR,-0.1115,0.497,0.247009,-1.085597352,0.862594553
59,59b,2021,socioeconomic,income,vector,WNV,mosquito,exposure_risk,vector_proximity,USA,South,local,direct,freq_OR,1.1575,0.6566,0.43112356,-0.129539371,2.444431817
60,60b,2007,socioeconomic,housing,vector,WNV,mosquito,infection_risk,reported_cases,USA,Midwest,local,secondary,freq_OR,1.3468,0.1967,0.03869089,0.961302338,1.732274822
60,60a,2007,socioeconomic,income,vector,WNV,mosquito,infection_risk,reported_cases,USA,Midwest,local,secondary,freq_OR,0.747,0.2238,0.05008644,0.308219724,1.185676442
62,62a,2008,socioeconomic,income,vector,WNV,mosquito,exposure_risk,vector_proximity,USA,Midwest,local,direct,mean_d_OR,0.9321,0.6145,0.37761025,-0.272333796,2.136542315
63,63a,2012,socioeconomic,housing,vector,yersenia,lice_flea,infection_risk,reported_cases,USA,West,regional,secondary,OR_direct,0.446287103,0.271184743,0.073541165,-0.09530018,0.967744013
63,63a,2012,socioeconomic,housing,vector,yersenia,lice_flea,infection_risk,reported_cases,USA,West,regional,secondary,OR_direct,0.072320662,0.269206594,0.07247219,-0.457442847,0.597847001
63,63a,2012,socioeconomic,housing,vector,yersenia,lice_flea,infection_risk,reported_cases,USA,West,regional,secondary,OR_direct,1.899117988,0.35841849,0.128463814,1.196948189,2.60194867
63,63b,2012,socioeconomic,housing,vector,yersenia,lice_flea,infection_risk,reported_cases,USA,West,regional,secondary,OR_direct,-0.067636649,0.385967351,0.148970796,-0.819844834,0.693147181
63,63b,2012,socioeconomic,housing,vector,yersenia,lice_flea,infection_risk,reported_cases,USA,West,regional,secondary,OR_direct,-0.678061543,0.4013492,0.161081181,-1.46793835,0.105350516
63,63b,2012,socioeconomic,housing,vector,yersenia,lice_flea,infection_risk,reported_cases,USA,West,regional,secondary,OR_direct,0.678033543,0.401335424,0.161070123,-0.105360516,1.467874348
63,63c,2012,socioeconomic,housing,vector,yersenia,lice_flea,infection_risk,reported_cases,USA,West,regional,secondary,OR_direct,-1.134757735,0.523257936,0.273798867,-2.164563795,-0.113392687
63,63c,2012,socioeconomic,housing,vector,yersenia,lice_flea,infection_risk,reported_cases,USA,West,regional,secondary,OR_direct,-1.144132804,0.525518385,0.276169573,-2.173312757,-0.113280686
63,63c,2012,socioeconomic,housing,vector,yersenia,lice_flea,infection_risk,reported_cases,USA,West,regional,secondary,OR_direct,0.207014169,0.460460382,0.212023763,-0.693147181,1.111857515
63,63a,2012,socioeconomic,income,vector,yersenia,lice_flea,infection_risk,reported_cases,USA,West,regional,secondary,OR_direct,0.593326845,0.27781705,0.077182314,0.048790164,1.137833002
63,63a,2012,socioeconomic,income,vector,yersenia,lice_flea,infection_risk,reported_cases,USA,West,regional,secondary,OR_direct,1.899117988,0.35841849,0.128463814,1.196948189,2.60194867
63,63b,2012,socioeconomic,income,vector,yersenia,lice_flea,infection_risk,reported_cases,USA,West,regional,secondary,OR_direct,0.21511138,0.387573167,0.15021296,-0.544727175,0.97455964
63,63b,2012,socioeconomic,income,vector,yersenia,lice_flea,infection_risk,reported_cases,USA,West,regional,secondary,OR_direct,1.427916036,0.469088515,0.220044035,0.506817602,2.345644582
63,63c,2012,socioeconomic,income,vector,yersenia,lice_flea,infection_risk,reported_cases,USA,West,regional,secondary,OR_direct,-0.653926467,0.472785041,0.223525695,-1.560647748,0.292669614
63,63c,2012,socioeconomic,income,vector,yersenia,lice_flea,infection_risk,reported_cases,USA,West,regional,secondary,OR_direct,1.1442228,0.52558317,0.276237669,0.113328685,2.173614712
64,64a,2010,race,black,vector,WNV,mosquito,disease_risk,diagnosis,USA,National,national,secondary,OR_direct,0.579810495,0.296207052,0.087738618,0.010049336,1.171180982
64,64a,2010,race,latinx,vector,WNV,mosquito,disease_risk,diagnosis,USA,National,national,secondary,OR_direct,0.371080681,0.182081242,0.033153579,0.020194707,0.733953175
65,65a,2022,socioeconomic,income,vector,borrelia,tick,infection_risk,reported_cases,Canada,Non_US,local,secondary,OR_direct,-0.336452237,0.088858851,0.007895895,-0.530688253,-0.182361558
66,66a,2019,socioeconomic,education,zoonotic,leptospira,zoonotic,exposure_risk,vector_proximity,USA,National,national,secondary,inverse_OR,0.030432207,0.14524795,0.021096967,-0.254634218,0.314737744
66,66a,2019,socioeconomic,income,zoonotic,leptospira,zoonotic,exposure_risk,vector_proximity,USA,National,national,secondary,OR_direct,-0.104361015,0.202618787,0.041054373,-0.506833602,0.287432041
67,67a,2019,socioeconomic,housing,vector,mixed_mos,mosquito,exposure_risk,vector_proximity,USA,South,local,direct,r_d_OR,2.8219,0.0601,0.00361201,2.704055566,2.939764915
67,67b,2019,socioeconomic,housing,vector,mixed_mos,mosquito,exposure_risk,vector_proximity,USA,South,local,direct,r_d_OR,3.2741,0.0616,0.00379456,3.15331705,3.394864035
68,68a,2018,race,mixed_race,vector,borrelia,tick,infection_risk,reported_cases,USA,National,national,secondary,r_d_OR,-0.8645,0.0369,0.00136161,-0.936748574,-0.792083928
68,68a,2018,socioeconomic,education,vector,borrelia,tick,infection_risk,reported_cases,USA,National,national,secondary,r_d_OR,-0.6444,0.036,0.001296,-0.714983875,-0.573765424
68,68a,2018,socioeconomic,housing,vector,borrelia,tick,infection_risk,reported_cases,USA,National,national,secondary,r_d_OR,0.6508,0.036,0.001296,0.580146441,0.72144305
68,68a,2018,socioeconomic,income,vector,borrelia,tick,infection_risk,reported_cases,USA,National,national,secondary,r_d_OR,0.6261,0.036,0.001296,-0.696552974,-0.555648667
68,68a,2018,socioeconomic,income,vector,borrelia,tick,infection_risk,reported_cases,USA,National,national,secondary,r_d_OR,-0.2231,0.0351,0.00123201,-0.291823972,-0.15431736
68,68a,2018,race,mixed_race,vector,ehrlichia,tick,infection_risk,reported_cases,USA,National,national,secondary,r_d_OR,-0.7912,0.0366,0.00133956,-0.862749965,-0.719491156
68,68a,2018,socioeconomic,education,vector,ehrlichia,tick,infection_risk,reported_cases,USA,National,national,secondary,r_d_OR,0.5231,0.0357,0.00127449,0.453238883,0.592995299
68,68a,2018,socioeconomic,housing,vector,ehrlichia,tick,infection_risk,reported_cases,USA,National,national,secondary,r_d_OR,0.9807,0.0374,0.00139876,0.907411427,1.054033245
68,68a,2018,socioeconomic,income,vector,ehrlichia,tick,infection_risk,reported_cases,USA,National,national,secondary,r_d_OR,0.2508,0.0351,0.00123201,0.182071526,0.319689331
68,68a,2018,socioeconomic,income,vector,ehrlichia,tick,infection_risk,reported_cases,USA,National,national,secondary,r_d_OR,0.6292,0.036,0.001296,0.558701084,0.699725496
69,69a,2023,race,mixed_race,vector,mixed_mos,mosquito,exposure_risk,vector_proximity,USA,South,local,direct,beta_d_OR,0.2712,0.0818,0.00669124,0.110825555,0.431522642
69,69a,2023,socioeconomic,income,vector,mixed_mos,mosquito,exposure_risk,vector_proximity,USA,South,local,direct,beta_d_OR,3.6276,0.1409,0.01985281,3.351401212,3.90379525
70,70a,2018,race,latinx,vector,zika,mosquito,exposure_risk,knowledge,USA,National,national,survey,freq_OR,-0.7905,0.164,0.026896,-1.112001526,-0.469203949
71,71a,2018,socioeconomic,income,vector,mixed_mos,mosquito,exposure_risk,vector_proximity,USA,West,regional,direct,freq_OR,0.686,0.3331,0.11095561,0.033144599,1.338888239
71,71a,2018,socioeconomic,income,vector,mixed_mos,mosquito,exposure_risk,vector_proximity,USA,West,regional,direct,freq_OR,1.2904,0.5697,0.32455809,0.173953307,2.406909072
71,71a,2018,socioeconomic,income,vector,mixed_mos,mosquito,exposure_risk,vector_proximity,USA,West,regional,direct,mean_d_OR,0.8061,0.2924,0.08549776,0.233014671,1.379118677
72,72a,2014,socioeconomic,education,zoonotic,toxocara,zoonotic,infection_risk,reported_cases,USA,Northeast,local,secondary,beta_d_OR,0.24,0.1052,0.01106704,0.033821548,0.446095084
72,72a,2014,race,black,zoonotic,toxocara,zoonotic,disease_risk,health_outcome,USA,Northeast,local,secondary,beta_d_OR,0.2354,0.1052,0.01106704,0.029364609,0.441539852
72,72a,2014,race,latinx,zoonotic,toxocara,zoonotic,disease_risk,health_outcome,USA,Northeast,local,secondary,beta_d_OR,0.2053,0.1051,0.01104601,-6.0018e-4,0.411248353
72,72a,2014,race,mixed_race,zoonotic,toxocara,zoonotic,disease_risk,health_outcome,USA,Northeast,local,secondary,beta_d_OR,0.2053,0.1051,0.01104601,-6.0018e-4,0.411248353
73,73a,2014,race,black,zoonotic,toxocara,zoonotic,infection_risk,reported_cases,USA,Northeast,local,secondary,OR_direct,0.494696242,0.098987257,0.009798477,0.300104592,0.688134639
73,73a,2014,race,immigrants,zoonotic,toxocara,zoonotic,infection_risk,reported_cases,USA,Northeast,local,secondary,OR_direct,0.652325186,0.127232919,0.016188216,0.405465108,0.904218151
73,73a,2014,race,latinx,zoonotic,toxocara,zoonotic,infection_risk,reported_cases,USA,Northeast,local,secondary,OR_direct,-0.15082289,0.149502307,0.02235094,-0.446287103,0.139761942
73,73a,2014,race,mixed_race,zoonotic,toxocara,zoonotic,infection_risk,reported_cases,USA,Northeast,local,secondary,OR_direct,1.004301609,0.270020456,0.072911047,0.476234179,1.534714366
73,73a,2014,socioeconomic,education,zoonotic,toxocara,zoonotic,infection_risk,reported_cases,USA,Northeast,local,secondary,OR_direct,0.431782416,0.147468839,0.021747059,0.139761942,0.717839793
73,73a,2014,socioeconomic,education,zoonotic,toxocara,zoonotic,infection_risk,reported_cases,USA,Northeast,local,secondary,OR_direct,0.91228271,0.147803137,0.021845767,0.620576488,1.199964783
74,74a,2005,socioeconomic,unhoused,vector,mixed_lice,lice_flea,exposure_risk,vector_proximity,Europe,Non_US,local,direct,freq_OR,4.3455,1.4212,2.01980944,1.560037562,7.131035621
74,74a,2005,socioeconomic,unhoused,vector,mixed_lice,lice_flea,exposure_risk,vector_proximity,Europe,Non_US,local,direct,freq_OR,3.4546,1.4264,2.03461696,0.658969729,6.250271723
74,74a,2005,socioeconomic,unhoused,vector,mixed_lice,lice_flea,exposure_risk,vector_proximity,Europe,Non_US,local,direct,freq_OR,4.6585,1.4203,2.01725209,1.874751669,7.442146441
74,74a,2005,socioeconomic,unhoused,vector,mixed_lice,lice_flea,exposure_risk,vector_proximity,Europe,Non_US,local,direct,freq_OR,0.7027,1.5515,2.40715225,-2.338212271,3.743457597
75,75a,2005,socioeconomic,unhoused,vector,bartonella,lice_flea,infection_risk,seroprevalance,Europe,Non_US,local,direct,freq_OR,1.6762,0.5949,0.35390601,0.510245456,2.842056481
75,75a,2005,socioeconomic,unhoused,vector,borrelia,lice_flea,infection_risk,seroprevalance,Europe,Non_US,local,direct,freq_OR,1.9153,1.439,2.070721,-0.904856354,4.735634254
75,75a,2005,socioeconomic,unhoused,vector,rickettsia,lice_flea,infection_risk,seroprevalance,Europe,Non_US,local,direct,freq_OR,1.1807,1.4627,2.13949129,-1.686318957,4.047474803
75,75a,2005,socioeconomic,unhoused,vector,rickettsia,lice_flea,infection_risk,seroprevalance,Europe,Non_US,local,direct,freq_OR,-1.26,0.7678,0.58951684,-2.764620553,0.244826762
75,75a,2005,socioeconomic,unhoused,vector,rickettsia,tick,infection_risk,seroprevalance,Europe,Non_US,local,direct,freq_OR,-0.2065,0.5088,0.25887744,-1.203639527,0.790636802
75,75a,2005,socioeconomic,unhoused,vector,rickettsia,tick,infection_risk,seroprevalance,Europe,Non_US,local,direct,freq_OR,0.0729,1.0982,1.20604324,-2.079441542,2.225434034
75,75a,2005,socioeconomic,unhoused,vector,rickettsia,tick,infection_risk,seroprevalance,Europe,Non_US,local,direct,freq_OR,0.0767,1.5511,2.40591121,-2.964233606,3.116878536
76,76a,2007,socioeconomic,housing,vector,dengue,mosquito,infection_risk,seroprevalance,USA,South,local,direct,aOR,0.300104592,0.49640565,0.24641857,-0.673344553,1.272565596
76,76a,2007,socioeconomic,housing,vector,dengue,mosquito,infection_risk,seroprevalance,USA,South,local,direct,aOR,0.019802627,0.442849008,0.196115243,-0.84397007,0.891998039
76,76b,2007,socioeconomic,housing,vector,dengue,mosquito,infection_risk,seroprevalance,USA,South,local,direct,aOR,0.542324291,0.217769174,0.047423413,0.113328685,0.966983846
76,76b,2007,socioeconomic,housing,vector,dengue,mosquito,infection_risk,seroprevalance,USA,South,local,direct,aOR,-0.301105093,0.191404488,0.036635678,-0.673344553,0.076961041
76,76a,2007,socioeconomic,income,vector,dengue,mosquito,infection_risk,seroprevalance,USA,South,local,direct,aOR,1.16938136,0.459985916,0.211587043,0.270027137,2.073171929
76,76b,2007,socioeconomic,income,vector,dengue,mosquito,infection_risk,seroprevalance,USA,South,local,direct,aOR,0.951657876,0.253021508,0.064019884,0.457424847,1.44926916
77,77c,2009,race,black,zoonotic,e_coli,zoonotic,infection_risk,reported_cases,USA,National,national,secondary,r_d_OR,-2.0944,0.0515,0.00265225,-2.195526021,-1.993630885
77,77a,2009,race,black,zoonotic,salmonella,zoonotic,infection_risk,reported_cases,USA,National,national,secondary,r_d_OR,0.7404,0.0341,0.00116281,0.673607519,0.807189897
77,77b,2009,race,latinx,zoonotic,shigella,zoonotic,infection_risk,reported_cases,USA,National,national,secondary,r_d_OR,1.1409,0.0381,0.00145161,1.066226829,1.215535696
78,78a,2021,socioeconomic,income,vector,mixed_mos,mosquito,exposure_risk,vector_proximity,USA,South,local,direct,F_d_OR,-0.3845,0.6729,0.45279441,-1.703199292,0.934366379
78,78a,2021,socioeconomic,income,vector,mixed_mos,mosquito,exposure_risk,vector_proximity,USA,South,local,direct,F_d_OR,0.7854,0.6776,0.45914176,-0.54283242,2.113516828
78,78a,2021,socioeconomic,income,vector,mixed_mos,mosquito,exposure_risk,vector_proximity,USA,South,local,direct,F_d_OR,1.3767,0.6903,0.47651409,0.023618866,2.729700793
79,79a,2013,socioeconomic,education,vector,mixed_mos,mosquito,exposure_risk,behavior,USA,South,local,survey,chi_d_OR,0.5269,0.2367,0.05602689,0.062974799,0.990841463
79,79a,2013,socioeconomic,education,vector,mixed_mos,mosquito,exposure_risk,knowledge,USA,South,local,survey,chi_d_OR,0.7917,0.2396,0.05740816,0.322083499,1.261326199
79,79b,2013,socioeconomic,income,vector,mixed_mos,mosquito,exposure_risk,vector_proximity,USA,South,local,survey,z_d_OR,0.5554,0.0615,0.00378225,0.434959183,0.675848416
80,80a,2017,race,black,zoonotic,toxocara,zoonotic,infection_risk,seroprevalance,USA,National,national,secondary,freq_OR,0.2361,0.2515,0.06325225,-0.256829609,0.728948593
80,80b,2017,race,black,zoonotic,toxocara,zoonotic,infection_risk,seroprevalance,USA,National,national,secondary,freq_OR,0.5792,0.1069,0.01142761,0.369768843,0.788593715
80,80a,2017,race,latinx,zoonotic,toxocara,zoonotic,infection_risk,seroprevalance,USA,National,national,secondary,freq_OR,0.2265,0.2398,0.05750404,-0.243473818,0.696541414
80,80b,2017,race,latinx,zoonotic,toxocara,zoonotic,infection_risk,seroprevalance,USA,National,national,secondary,freq_OR,0.8317,0.1016,0.01032256,0.632494433,1.03097564
80,80a,2017,race,mixed_race,zoonotic,toxocara,zoonotic,infection_risk,seroprevalance,USA,National,national,secondary,freq_OR,-0.1376,0.3165,0.10017225,-0.758005753,0.482858155
80,80b,2017,race,mixed_race,zoonotic,toxocara,zoonotic,infection_risk,seroprevalance,USA,National,national,secondary,freq_OR,0.5793,0.1185,0.01404225,0.346988178,0.811507827
80,80b,2017,socioeconomic,education,zoonotic,toxocara,zoonotic,infection_risk,seroprevalance,USA,National,national,secondary,freq_OR,1.2347,0.1194,0.01425636,1.000668644,1.468680475
80,80b,2017,socioeconomic,income,zoonotic,toxocara,zoonotic,infection_risk,seroprevalance,USA,National,national,secondary,freq_OR,0.6639,0.0819,0.00670761,0.503438405,0.824350866
80,80a,2017,socioeconomic,income,zoonotic,toxocara,zoonotic,infection_risk,seroprevalance,USA,National,national,secondary,OR_direct,0.875468737,0.280258237,0.078544679,0.336472237,1.435084525
80,80a,2017,socioeconomic,income,zoonotic,toxocara,zoonotic,infection_risk,seroprevalance,USA,National,national,secondary,freq_OR,0.4699,0.1866,0.03481956,0.104179819,0.835514422
80,80b,2017,socioeconomic,income,zoonotic,toxocara,zoonotic,infection_risk,seroprevalance,USA,National,national,secondary,freq_OR,0.704,0.0841,0.00707281,0.539179817,0.86890558
81,81b,2012,race,asian,vector,mixed_tick,tick,disease_risk,health_outcome,USA,National,national,secondary,freq_OR,1.3835,1.4564,2.12110096,-1.470981169,4.237926734
81,81b,2012,race,black,vector,mixed_tick,tick,disease_risk,health_outcome,USA,National,national,secondary,freq_OR,1.6581,0.7562,0.57183844,0.175968083,3.140274079
81,81b,2012,race,indigenous,vector,mixed_tick,tick,disease_risk,health_outcome,USA,National,national,secondary,freq_OR,0.7514,1.0331,1.06729561,-1.273322882,2.77622585
81,81a,2012,race,asian,vector,mixed_tick,tick,disease_risk,hospitalizations,USA,National,national,secondary,freq_OR,-0.375,0.6137,0.37662769,-1.577939245,0.827940277
81,81a,2012,race,black,vector,mixed_tick,tick,disease_risk,hospitalizations,USA,National,national,secondary,freq_OR,1.5038,0.3469,0.12033961,0.823868378,2.183779034
81,81a,2012,race,indigenous,vector,mixed_tick,tick,disease_risk,hospitalizations,USA,National,national,secondary,freq_OR,0.1011,0.2374,0.05635876,-0.364131245,0.566449528
82,82a,2010,socioeconomic,income,zoonotic,listeria,zoonotic,infection_risk,reported_cases,Europe,Non_US,national,secondary,freq_OR,0.3238,0.1902,0.03617604,-0.049085208,0.696690894
83,83b,2008,race,black,vector,anaplasma,tick,infection_risk,seroprevalance,USA,National,national,direct,OR_direct,0.993251773,0.683434353,0.467082515,-0.356674944,2.32238772
83,83b,2008,race,latinx,vector,anaplasma,tick,infection_risk,seroprevalance,USA,National,national,direct,OR_direct,0.916290732,0.825191116,0.680940378,-0.693147181,2.541601993
83,83b,2008,socioeconomic,education,vector,anaplasma,tick,infection_risk,seroprevalance,USA,National,national,direct,OR_direct,-0.470003629,0.59780793,0.357374322,-1.650259907,0.693147181
83,83a,2008,race,black,vector,rickettsia,tick,infection_risk,seroprevalance,USA,National,national,direct,OR_direct,0.470003629,0.096808577,0.009371901,0.262364264,0.641853886
83,83a,2008,race,latinx,vector,rickettsia,tick,infection_risk,seroprevalance,USA,National,national,direct,OR_direct,-0.510825624,0.149945578,0.022483676,-0.693147181,-0.105360516
83,83a,2008,race,mixed_race,vector,rickettsia,tick,infection_risk,seroprevalance,USA,National,national,direct,OR_direct,-1.203972804,0.611707978,0.37418665,-2.302585093,0.09531018
83,83a,2008,socioeconomic,education,vector,rickettsia,tick,infection_risk,seroprevalance,USA,National,national,direct,OR_direct,0,0.103434977,0.010698794,-0.223143551,0.182321557
84,84a,2001,socioeconomic,unhoused,vector,bartonella,lice_flea,infection_risk,seroprevalance,Europe,Non_US,local,direct,freq_OR,1.491,0.5848,0.34199104,0.344865486,2.637126896
85,85a,2007,socioeconomic,education,vector,WNV,mosquito,exposure_risk,behavior,USA,West,regional,survey,OR_direct,0.343589704,0.17682326,0.031266465,-0.010050336,0.683096845
85,85a,2007,socioeconomic,income,vector,WNV,mosquito,exposure_risk,behavior,USA,West,regional,survey,OR_direct,0.086177696,0.233007136,0.054292325,-0.371063681,0.542324291
86,86a,2021,race,asian,vector,mixed_tick,tick,exposure_risk,vector_proximity,USA,Northeast,regional,survey,freq_OR,-0.6633,0.3244,0.10523536,-1.299016353,-0.027473977
86,86a,2021,race,black,vector,mixed_tick,tick,exposure_risk,vector_proximity,USA,Northeast,regional,survey,freq_OR,-1.3156,0.6139,0.37687321,-2.519498095,-0.112385131
86,86a,2021,race,latinx,vector,mixed_tick,tick,exposure_risk,vector_proximity,USA,Northeast,regional,survey,freq_OR,-0.576,0.2435,0.05929225,-1.053256587,-0.098826354
86,86a,2021,race,mixed_race,vector,mixed_tick,tick,exposure_risk,vector_proximity,USA,Northeast,regional,survey,freq_OR,-0.4339,0.2886,0.08328996,-0.999400639,0.131729771
86,86a,2021,socioeconomic,education,vector,mixed_tick,tick,exposure_risk,vector_proximity,USA,Northeast,regional,survey,freq_OR,-0.2245,0.1428,0.02039184,-0.504346658,0.055340095
86,86a,2021,socioeconomic,income,vector,mixed_tick,tick,exposure_risk,vector_proximity,USA,Northeast,regional,survey,freq_OR,-0.0991,0.091,0.008281,-0.27746775,0.079180798
87,87a,2003,race,black,zoonotic,toxoplasma,zoonotic,infection_risk,seroprevalance,USA,National,national,direct,freq_OR,0.5459,0.1164,0.01354896,0.317798971,0.774081798
87,87b,2003,race,black,zoonotic,toxoplasma,zoonotic,infection_risk,seroprevalance,USA,National,national,direct,freq_OR,0.2742,0.0657,0.00431649,0.145484667,0.402995394
87,87a,2003,race,latinx,zoonotic,toxoplasma,zoonotic,infection_risk,seroprevalance,USA,National,national,direct,freq_OR,0.3831,0.109,0.011881,0.169489578,0.596746406
87,87b,2003,race,latinx,zoonotic,toxoplasma,zoonotic,infection_risk,seroprevalance,USA,National,national,direct,freq_OR,0.2944,0.0655,0.00429025,0.165938078,0.422912022
88,88a,2017,socioeconomic,income,vector,mixed_mos,mosquito,exposure_risk,vector_proximity,USA,South,local,direct,mean_d_OR,1.7345,0.4355,0.18966025,0.880995105,2.588087291
88,88a,2017,socioeconomic,income,vector,mixed_mos,mosquito,exposure_risk,vector_proximity,USA,South,local,direct,mean_d_OR,1.0482,0.4252,0.18079504,0.214869415,1.881478289
89,89a,2022,socioeconomic,income,vector,mixed_mos,mosquito,exposure_risk,vector_proximity,USA,Northeast,regional,direct,inverse_OR,-0.057629113,0.005131924,2.63366e-5,-0.06720875,-0.047091608
89,89a,2022,socioeconomic,income,vector,mixed_mos,mosquito,exposure_risk,vector_proximity,USA,Northeast,regional,direct,inverse_OR,0.246860078,0.00198524,3.94118e-6,0.246860078,0.254642218
90,90a,2018,race,asian,zoonotic,toxocara,zoonotic,infection_risk,seroprevalance,USA,National,national,direct,freq_OR,0.7043,0.1214,0.01473796,0.466434768,0.942192369
90,90a,2018,race,black,zoonotic,toxocara,zoonotic,infection_risk,seroprevalance,USA,National,national,direct,freq_OR,0.5992,0.1031,0.01062961,0.397164083,0.801283839
90,90a,2018,race,latinx,zoonotic,toxocara,zoonotic,infection_risk,seroprevalance,USA,National,national,direct,freq_OR,0.5005,0.119,0.014161,0.267275263,0.733761153
90,90a,2018,socioeconomic,education,zoonotic,toxocara,zoonotic,infection_risk,seroprevalance,USA,National,national,direct,freq_OR,1.2633,0.1126,0.01267876,1.042641405,1.483874689
91,91a,2019,socioeconomic,income,vector,mixed_mos,mosquito,exposure_risk,vector_proximity,USA,South,regional,direct,beta_d_OR,0.6439,0.2251,0.05067001,0.20261426,1.085155484
92,92a,2017,race,black,vector,rickettsia,lice_flea,infection_risk,reported_cases,USA,South,regional,secondary,freq_OR,-1.5528,0.214,0.045796,-1.97256218,-1.133203733
92,92a,2017,race,latinx,vector,rickettsia,lice_flea,infection_risk,reported_cases,USA,South,regional,secondary,freq_OR,1.1575,0.0567,0.00321489,1.046336055,1.268580073
93,93a,2008,race,immigrants,vector,dengue,mosquito,infection_risk,reported_cases,USA,South,local,direct,OR_direct,1.30833282,0.457081497,0.208923495,0.405465108,2.197224577
93,93a,2008,socioeconomic,income,vector,dengue,mosquito,infection_risk,reported_cases,USA,South,local,direct,OR_direct,0.993251773,0.423017366,0.178943692,0.182321557,1.840549633
94,94a,2009,socioeconomic,education,vector,chikungunya,mosquito,infection_risk,seroprevalance,Europe,Non_US,regional,direct,freq_OR,0.6604,0.3112,0.09684544,0.050502982,1.27029411
94,94a,2009,socioeconomic,housing,vector,chikungunya,mosquito,infection_risk,seroprevalance,Europe,Non_US,regional,direct,freq_OR,1.4528,0.1895,0.03591025,1.081398308,1.82416212
94,94a,2009,socioeconomic,housing,vector,chikungunya,mosquito,infection_risk,seroprevalance,Europe,Non_US,regional,direct,freq_OR,0.5311,0.1492,0.02226064,0.238623122,0.823605105
94,94a,2009,socioeconomic,income,vector,chikungunya,mosquito,infection_risk,seroprevalance,Europe,Non_US,regional,direct,freq_OR,0.3696,0.2591,0.06713281,-0.138228119,0.877341982
95,95a,2003,socioeconomic,housing,vector,dengue,mosquito,infection_risk,seroprevalance,USA,South,local,direct,OR_direct,0.955511445,0.392970674,0.15442595,0.182321557,1.722766598
96,96a,2021,socioeconomic,income,vector,mixed_mos,mosquito,exposure_risk,vector_proximity,USA,Territories,regional,direct,p_d_OR,1.792,0.1844,0.03400336,1.430646119,2.153412004
96,96a,2021,socioeconomic,income,vector,mixed_mos,mosquito,exposure_risk,vector_proximity,USA,Territories,regional,direct,p_d_OR,1.5036,0.1752,0.03069504,1.160240328,1.847036485
97,97a,2008,socioeconomic,education,vector,chikungunya,mosquito,infection_risk,seroprevalance,Europe,Non_US,regional,direct,freq_OR,0.8113,0.195,0.038025,0.429051418,1.193498136
97,97a,2008,socioeconomic,income,vector,chikungunya,mosquito,infection_risk,seroprevalance,Europe,Non_US,regional,direct,freq_OR,0.3182,0.1723,0.02968729,-0.019488677,0.655964389
97,97a,2008,socioeconomic,income,vector,chikungunya,mosquito,infection_risk,seroprevalance,Europe,Non_US,regional,direct,freq_OR,0.7479,0.1957,0.03829849,0.364365297,1.131498881
98,98a,2001,race,black,zoonotic,toxocara,zoonotic,infection_risk,seroprevalance,USA,Northeast,local,direct,freq_OR,1.8524,0.6355,0.40386025,0.606935484,3.097846526
98,98a,2001,race,latinx,zoonotic,toxocara,zoonotic,infection_risk,seroprevalance,USA,Northeast,local,direct,freq_OR,2.4277,0.5332,0.28430224,1.382662775,3.472823228
98,98a,2001,race,latinx,zoonotic,toxocara,zoonotic,infection_risk,seroprevalance,USA,Northeast,local,direct,freq_OR,2.06,0.7849,0.61606801,0.521587506,3.598486913
98,98a,2001,race,mixed_race,zoonotic,toxocara,zoonotic,infection_risk,seroprevalance,USA,Northeast,local,direct,freq_OR,1.3863,0.8745,0.76475025,-0.327671081,3.100231919
98,98a,2001,socioeconomic,education,zoonotic,toxocara,zoonotic,infection_risk,seroprevalance,USA,Northeast,local,direct,freq_OR,1.1206,0.382,0.145924,0.371908325,1.869260488
98,98a,2001,socioeconomic,income,zoonotic,toxocara,zoonotic,infection_risk,seroprevalance,USA,Northeast,local,direct,freq_OR,1.7582,0.4109,0.16883881,0.952931196,2.56353297
99,99b,2020,socioeconomic,income,zoonotic,blastocystis,zoonotic,infection_risk,seroprevalance,USA,South,local,direct,freq_OR,-0.0953,0.6764,0.45751696,-1.42129997,1.230488145
99,99a,2020,socioeconomic,income,zoonotic,strongyloides,zoonotic,infection_risk,seroprevalance,USA,South,local,direct,freq_OR,1.6231,0.6231,0.38825361,0.401925518,2.844345271
100,100a,2008,socioeconomic,education,vector,chikungunya,mosquito,infection_risk,seroprevalance,Europe,Non_US,regional,direct,freq_OR,0.743,0.1906,0.03632836,0.369492448,1.116452207
100,100a,2008,socioeconomic,housing,vector,chikungunya,mosquito,infection_risk,seroprevalance,Europe,Non_US,regional,direct,freq_OR,1.4833,0.2249,0.05058001,1.042535642,1.924088055
100,100a,2008,socioeconomic,income,vector,chikungunya,mosquito,infection_risk,seroprevalance,Europe,Non_US,regional,direct,freq_OR,0.7061,0.1851,0.03426201,0.343305976,1.068943147
101,101a,2011,socioeconomic,housing,vector,mixed_mos,mosquito,exposure_risk,vector_proximity,USA,West,local,direct,chi_d_OR,2.5756,0.799,0.638401,1.009635345,4.141563652
102,102a,2011,race,black,zoonotic,toxocara,zoonotic,infection_risk,seroprevalance,USA,National,national,secondary,beta_d_OR,1.185,0.0181,3.2761e-4,1.149463819,1.220446367
103,103a,2008,race,black,zoonotic,toxocara,zoonotic,infection_risk,seroprevalance,USA,National,national,secondary,freq_OR,0.6795,0.0473,0.00223729,0.586730552,0.772281784
103,103a,2008,race,immigrants,zoonotic,toxocara,zoonotic,infection_risk,seroprevalance,USA,National,national,secondary,freq_OR,0.6737,0.0456,0.00207936,0.584280526,0.763092931
103,103a,2008,race,latinx,zoonotic,toxocara,zoonotic,infection_risk,seroprevalance,USA,National,national,secondary,freq_OR,-0.1293,0.0546,0.00298116,-0.236482116,-0.022245609
103,103a,2008,socioeconomic,education,zoonotic,toxocara,zoonotic,infection_risk,seroprevalance,USA,National,national,secondary,freq_OR,1.0245,0.0573,0.00328329,0.912162221,1.136838918
103,103a,2008,socioeconomic,income,zoonotic,toxocara,zoonotic,infection_risk,seroprevalance,USA,National,national,secondary,freq_OR,0.7504,0.0425,0.00180625,0.667162484,0.833561084
104,104a,2022,socioeconomic,income,zoonotic,mixed_zoo,zoonotic,infection_risk,seroprevalance,Europe,Non_US,local,direct,p_d_OR,0.9301,0.1747,0.03052009,0.587786665,1.272453545
105,105c,2023,socioeconomic,income,zoonotic,salmonella,zoonotic,infection_risk,reported_cases,Europe,Non_US,national,secondary,OR_direct,0.91228271,0.10385352,0.010785554,0.708035793,1.115141591
105,105e,2023,socioeconomic,income,zoonotic,salmonella,zoonotic,infection_risk,reported_cases,Europe,Non_US,national,secondary,OR_direct,0.086177696,0.032511466,0.001056995,0.029558802,0.157003749
105,105a,2023,socioeconomic,income,zoonotic,shigella,zoonotic,infection_risk,reported_cases,Europe,Non_US,national,secondary,OR_direct,0.615185639,0.161239665,0.02599823,0.300104592,0.932164081
105,105b,2023,socioeconomic,income,zoonotic,shigella,zoonotic,infection_risk,reported_cases,Europe,Non_US,national,secondary,OR_direct,0.688134639,0.14154954,0.020036272,0.412109651,0.966983846
105,105d,2023,socioeconomic,income,zoonotic,shigella,zoonotic,infection_risk,reported_cases,Europe,Non_US,national,secondary,OR_direct,0.90016135,0.087406768,0.007639943,0.732367894,1.075002423
106,106b,2015,socioeconomic,income,zoonotic,hanta,zoonotic,exposure_risk,vector_proximity,Europe,Non_US,local,direct,inverse_OR,1.131402111,0.153616174,0.023597929,0.832909123,1.435084525
106,106b,2015,socioeconomic,income,zoonotic,hanta,zoonotic,exposure_risk,vector_proximity,Europe,Non_US,local,direct,OR_direct,0.916290732,0.216045383,0.046675607,0.356974899,1.203872799
106,106b,2015,socioeconomic,income,zoonotic,hanta,zoonotic,exposure_risk,vector_proximity,Europe,Non_US,local,direct,OR_direct,0.993251773,0.230728641,0.053235706,0.530628251,1.435084525
106,106a,2015,socioeconomic,income,zoonotic,leptospira,zoonotic,exposure_risk,vector_proximity,Europe,Non_US,local,direct,inverse_OR,1.203872799,0.17682326,0.031266465,0.916290732,1.609437912
106,106a,2015,socioeconomic,income,zoonotic,leptospira,zoonotic,exposure_risk,vector_proximity,Europe,Non_US,local,direct,OR_direct,1.131402111,0.159618852,0.025478178,0.832909123,1.458615023
106,106a,2015,socioeconomic,income,zoonotic,leptospira,zoonotic,exposure_risk,vector_proximity,Europe,Non_US,local,direct,OR_direct,1.029619417,0.151291766,0.022889198,0.741937345,1.335001067
